id,word,url
0,a bit,https://www.oxfordlearnersdictionaries.com/definition/english/bit#bit_sng_1
1,a bit more,https://www.oxfordlearnersdictionaries.com/definition/english/bit#bit_sng_1
2,a bit of a…,https://www.oxfordlearnersdictionaries.com/definition/english/bit#bit_sng_15
3,a bit of sth,https://www.oxfordlearnersdictionaries.com/definition/english/bit#bit_sng_3
4,a couple of sth,https://www.oxfordlearnersdictionaries.com/definition/english/couple_1#couple_sng_3
5,a few,https://www.oxfordlearnersdictionaries.com/definition/english/few_1#few_sng_2
6,a good idea,https://www.oxfordlearnersdictionaries.com/definition/english/idea#idea_sng_1
7,a great deal,https://www.oxfordlearnersdictionaries.com/definition/english/deal_2#deal_sng_32
8,a kind of...,https://www.oxfordlearnersdictionaries.com/definition/english/kind_1#kind_sng_4
9,a little,https://www.oxfordlearnersdictionaries.com/definition/english/little_2#little_sng_9
10,a little bit,https://www.oxfordlearnersdictionaries.com/definition/english/bit#bit_sng_1
11,a little more,https://www.oxfordlearnersdictionaries.com/definition/english/more_2#more_sng_4
12,a long time ago,https://www.oxfordlearnersdictionaries.com/definition/english/time_1#time_sng_6
13,a long way,https://www.oxfordlearnersdictionaries.com/definition/english/way_1#way_sng_4
14,a lot,https://www.oxfordlearnersdictionaries.com/definition/english/lot_1#lot_sng_1
15,a lot more,https://www.oxfordlearnersdictionaries.com/definition/english/lot_3#lot_sng_3
16,a lot of sth,https://www.oxfordlearnersdictionaries.com/definition/english/lot_2#lot_sng_2
17,a means of sth,https://www.oxfordlearnersdictionaries.com/definition/english/means#means_sng_1
18,a number of sth,https://www.oxfordlearnersdictionaries.com/definition/english/number_1#number_sng_4
19,a period of time,https://www.oxfordlearnersdictionaries.com/definition/english/period_1#period_sng_1
20,a range of sth,https://www.oxfordlearnersdictionaries.com/definition/english/range_1#range_sng_1
21,a variety of sth,https://www.oxfordlearnersdictionaries.com/definition/english/variety_1#variety_sng_1
22,able to do sth,https://www.oxfordlearnersdictionaries.com/definition/english/able_1#able_sng_1
23,above all,https://www.oxfordlearnersdictionaries.com/definition/english/above_1#above_sng_6
24,access to sth,https://www.oxfordlearnersdictionaries.com/definition/english/access_1#access_sng_1
25,account for sth,https://www.oxfordlearnersdictionaries.com/definition/english/account-for
26,accused of sth,https://www.oxfordlearnersdictionaries.com/definition/english/accuse
27,act as sth,https://www.oxfordlearnersdictionaries.com/definition/english/act_1
28,add to sth,https://www.oxfordlearnersdictionaries.com/definition/english/add-to#add_sng_18
29,after all,https://www.oxfordlearnersdictionaries.com/definition/english/after_1#after_sng_12
30,again and again,https://www.oxfordlearnersdictionaries.com/definition/english/again#again_sng_1
31,agree with sb,https://www.oxfordlearnersdictionaries.com/definition/english/agree#agree_sng_1
32,aim to do sth,https://www.oxfordlearnersdictionaries.com/definition/english/aim_1#aim_sng_4
33,aimed at doing sth,https://www.oxfordlearnersdictionaries.com/definition/english/aim_1#aim_sng_5
34,aimed at sb,https://www.oxfordlearnersdictionaries.com/definition/english/aim_1#aim_sng_4
35,all about…,https://www.oxfordlearnersdictionaries.com/definition/english/all_3#all_sng_39
36,all but,https://www.oxfordlearnersdictionaries.com/definition/english/all_3#all_sng_29
37,all day,https://www.oxfordlearnersdictionaries.com/definition/english/all-day
38,all kinds of…,https://www.oxfordlearnersdictionaries.com/definition/english/kind_1#kind_sng_1
39,all over the world,https://www.oxfordlearnersdictionaries.com/definition/english/world#world_sng_1
40,all over…,https://www.oxfordlearnersdictionaries.com/definition/english/all_3#all_sng_34
41,all sorts of…,https://www.oxfordlearnersdictionaries.com/definition/english/sort_1#sort_sng_1
42,all the more,https://www.oxfordlearnersdictionaries.com/definition/english/all_3#all_sng_28
43,all the time,https://www.oxfordlearnersdictionaries.com/definition/english/time_1#time_sng_17
44,all the way,https://www.oxfordlearnersdictionaries.com/definition/english/way_1#way_sng_15
45,along with sb/sth,https://www.oxfordlearnersdictionaries.com/definition/english/along_2#along_sng_7
46,alternative to sth,https://www.oxfordlearnersdictionaries.com/definition/english/alternative_1#alternative_sng_1
47,and so on,https://www.oxfordlearnersdictionaries.com/definition/english/forth_1#so_sng_11
48,anything else,https://www.oxfordlearnersdictionaries.com/definition/english/anything#anything_sng_1
49,apart from,https://www.oxfordlearnersdictionaries.com/definition/english/apart-from
50,appeal to sb,https://www.oxfordlearnersdictionaries.com/definition/english/appeal_2#appeal_sng_7
51,apply for sth,https://www.oxfordlearnersdictionaries.com/definition/english/apply#apply_sng_1
52,apply to sb/sth,https://www.oxfordlearnersdictionaries.com/definition/english/apply#apply_sng_4
53,around the world,https://www.oxfordlearnersdictionaries.com/definition/english/world#world_sng_1
54,arrive at…,https://www.oxfordlearnersdictionaries.com/definition/english/arrive#arrive_sng_1
55,arrive in…,https://www.oxfordlearnersdictionaries.com/definition/english/arrive#arrive_sng_1
56,art gallery,https://www.oxfordlearnersdictionaries.com/definition/english/art-gallery
57,as a result,https://www.oxfordlearnersdictionaries.com/definition/english/result_1#result_sng_1
58,as a whole,https://www.oxfordlearnersdictionaries.com/definition/english/whole_2#whole_sng_10
59,as far as i am concerned,https://www.oxfordlearnersdictionaries.com/definition/english/concerned#far_sng_36
60,as far as sb/sth is concerned,https://www.oxfordlearnersdictionaries.com/definition/english/concerned#far_sng_36
61,as follows…,https://www.oxfordlearnersdictionaries.com/definition/english/follow#follow_sng_2
62,as for sb/sth,https://www.oxfordlearnersdictionaries.com/definition/english/as_3#as_sng_13
63,as if…,https://www.oxfordlearnersdictionaries.com/definition/english/as_3#as_sng_15
64,as long as…,https://www.oxfordlearnersdictionaries.com/definition/english/as_2#as_sng_4
65,as much as,https://www.oxfordlearnersdictionaries.com/definition/english/much_1#much_sng_1
66,as of…,https://www.oxfordlearnersdictionaries.com/definition/english/as_3#as_sng_14
67,as opposed to,https://www.oxfordlearnersdictionaries.com/definition/english/opposed#opposed_sng_3
68,as part of sth,https://www.oxfordlearnersdictionaries.com/definition/english/part_1#part_sng_3
69,as soon as,https://www.oxfordlearnersdictionaries.com/definition/english/soon#soon_sng_2
70,as soon as possible,https://www.oxfordlearnersdictionaries.com/definition/english/soon#soon_sng_1
71,as such,https://www.oxfordlearnersdictionaries.com/definition/english/such#such_sng_5
72,as though…,https://www.oxfordlearnersdictionaries.com/definition/english/as_3#as_sng_15
73,as to,https://www.oxfordlearnersdictionaries.com/definition/english/as_3#as_sng_18
74,as well,https://www.oxfordlearnersdictionaries.com/definition/english/well_1#well_sng_7
75,ask for sth,https://www.oxfordlearnersdictionaries.com/definition/english/ask_1#ask_sng_3
76,associated with sth,https://www.oxfordlearnersdictionaries.com/definition/english/associated#associated_sng_1
77,at first,https://www.oxfordlearnersdictionaries.com/definition/english/first_2#first_sng_8
78,at home,https://www.oxfordlearnersdictionaries.com/definition/english/home_1#home_sng_9
79,at last,https://www.oxfordlearnersdictionaries.com/definition/english/last1_3#last_hm1_sng_20
80,at least,https://www.oxfordlearnersdictionaries.com/definition/english/least_2#least_sng_5
81,at once,https://www.oxfordlearnersdictionaries.com/definition/english/once_1#once_sng_6
82,at present,https://www.oxfordlearnersdictionaries.com/definition/english/present_2#present_sng_7
83,at risk,https://www.oxfordlearnersdictionaries.com/definition/english/risk_1#risk_sng_4
84,at school,https://www.oxfordlearnersdictionaries.com/definition/english/school_1#school_sng_2
85,at some point,https://www.oxfordlearnersdictionaries.com/definition/english/point_1#point_sng_6
86,at the age of…,https://www.oxfordlearnersdictionaries.com/definition/english/age_1#age_sng_1
87,at the beginning of sth,https://www.oxfordlearnersdictionaries.com/definition/english/beginning#beginning_sng_1
88,at the end,https://www.oxfordlearnersdictionaries.com/definition/english/end_1#end_sng_1
89,at the end of sth,https://www.oxfordlearnersdictionaries.com/definition/english/end_1#end_sng_2
90,at the end of the day,https://www.oxfordlearnersdictionaries.com/definition/english/day#end_sng_43
91,at the expense of sb/sth,https://www.oxfordlearnersdictionaries.com/definition/english/expense#expense_sng_7
92,at the hands of sb,https://www.oxfordlearnersdictionaries.com/definition/english/hand_1#hand_sng_15
93,at the moment,https://www.oxfordlearnersdictionaries.com/definition/english/moment#moment_sng_2
94,at the same time,https://www.oxfordlearnersdictionaries.com/definition/english/time_1#time_sng_21
95,at the start of sth,https://www.oxfordlearnersdictionaries.com/definition/english/start_2#start_sng_28
96,at the time,https://www.oxfordlearnersdictionaries.com/definition/english/time_1#time_sng_4
97,at the time of sth,https://www.oxfordlearnersdictionaries.com/definition/english/time_1#time_sng_7
98,at the top,https://www.oxfordlearnersdictionaries.com/definition/english/top_1#top_sng_3
99,at the weekend,https://www.oxfordlearnersdictionaries.com/definition/english/weekend_1#weekend_sng_1
100,at this point,https://www.oxfordlearnersdictionaries.com/definition/english/point_1#point_sng_6
101,at this stage,https://www.oxfordlearnersdictionaries.com/definition/english/stage_1#stage_sng_1
102,at times,https://www.oxfordlearnersdictionaries.com/definition/english/time_1#time_sng_25
103,at university,https://www.oxfordlearnersdictionaries.com/definition/english/university#university_sng_1
104,at work,https://www.oxfordlearnersdictionaries.com/definition/english/work_2#work_sng_54
105,attached to sb/sth,https://www.oxfordlearnersdictionaries.com/definition/english/attached#attached_sng_3
106,awareness of sth,https://www.oxfordlearnersdictionaries.com/definition/english/awareness#awareness_sng_1
107,away from sb/sth,https://www.oxfordlearnersdictionaries.com/definition/english/away_1#away_sng_3
108,back and forth,https://www.oxfordlearnersdictionaries.com/definition/english/back_3#back_sng_41
109,back sb/sth up,https://www.oxfordlearnersdictionaries.com/definition/english/back-up
110,bad for sb/sth,https://www.oxfordlearnersdictionaries.com/definition/english/bad_1#bad_sng_8
111,bad news,https://www.oxfordlearnersdictionaries.com/definition/english/news#news_sng_5
112,bad thing,https://www.oxfordlearnersdictionaries.com/definition/english/bad_1#bad_sng_1
113,based on sth,https://www.oxfordlearnersdictionaries.com/definition/english/based#based_sng_1
114,be about to do sth,https://www.oxfordlearnersdictionaries.com/definition/english/about_3#about_sng_18
115,be allowed to do sth,https://www.oxfordlearnersdictionaries.com/definition/english/allow#allow_sng_1
116,be attributed to sb,https://www.oxfordlearnersdictionaries.com/definition/english/attribute_1
117,be charged with sth,https://www.oxfordlearnersdictionaries.com/definition/english/charge_2#charge_sng_21
118,be derived from sth,https://www.oxfordlearnersdictionaries.com/definition/english/be-derived-from#derive_sng_4
119,be entitled to sth,https://www.oxfordlearnersdictionaries.com/definition/english/entitle#entitle_sng_1
120,be expected to do sth,https://www.oxfordlearnersdictionaries.com/definition/english/expected
121,be found to do sth,https://www.oxfordlearnersdictionaries.com/definition/english/find_1#find_sng_4
122,be going on,https://www.oxfordlearnersdictionaries.com/definition/english/go-on#go_sng_303
123,be going to do sth,https://www.oxfordlearnersdictionaries.com/definition/english/go_1#go_sng_40
124,be known as sb/sth,https://www.oxfordlearnersdictionaries.com/definition/english/know_1#know_sng_6
125,be known to do sth,https://www.oxfordlearnersdictionaries.com/definition/english/know_1#know_sng_10
126,be made of sth,https://www.oxfordlearnersdictionaries.com/definition/english/make_1#make_sng_1
127,be made up of sth,https://www.oxfordlearnersdictionaries.com/definition/english/make-up_1#make_sng_83
128,be meant to do sth,https://www.oxfordlearnersdictionaries.com/definition/english/mean_1#mean_sng_3
129,be reported to be sth,https://www.oxfordlearnersdictionaries.com/definition/english/report_2#report_sng_1
130,be said to be sth,https://www.oxfordlearnersdictionaries.com/definition/english/say_1#say_sng_1
131,be supposed to do sth,https://www.oxfordlearnersdictionaries.com/definition/english/suppose#suppose_sng_4
132,be surrounded by sb/sth,https://www.oxfordlearnersdictionaries.com/definition/english/surround_1#surround_sng_1
133,be to blame,https://www.oxfordlearnersdictionaries.com/definition/english/blame_1#blame_sng_2
134,bear sb/sth in mind,https://www.oxfordlearnersdictionaries.com/definition/english/bear_1#mind_sng_60
135,because of,https://www.oxfordlearnersdictionaries.com/definition/english/because-of
136,begin with sth,https://www.oxfordlearnersdictionaries.com/definition/english/begin#begin_sng_4
137,believe in sb/sth,https://www.oxfordlearnersdictionaries.com/definition/english/believe-in
138,belong to sb,https://www.oxfordlearnersdictionaries.com/definition/english/belong-to#belong_sng_3
139,belong to sth,https://www.oxfordlearnersdictionaries.com/definition/english/belong-to#belong_sng_9
140,benefit from sth,https://www.oxfordlearnersdictionaries.com/definition/english/benefit_2#benefit_sng_8
141,best friend,https://www.oxfordlearnersdictionaries.com/definition/english/friend_1#friend_sng_1
142,black and white,https://www.oxfordlearnersdictionaries.com/definition/english/black_2#black_sng_16
143,both sides,https://www.oxfordlearnersdictionaries.com/definition/english/side_1#side_sng_13
144,bound to do sth,https://www.oxfordlearnersdictionaries.com/definition/english/bound_1#bound_sng_1
145,break up,https://www.oxfordlearnersdictionaries.com/definition/english/break-up_1
146,bring sb up,https://www.oxfordlearnersdictionaries.com/definition/english/bring-up#bring_sng_97
147,bring sth about,https://www.oxfordlearnersdictionaries.com/definition/english/bring-about#bring_sng_56
148,bring sth up,https://www.oxfordlearnersdictionaries.com/definition/english/bring-up#bring_sng_99
149,by means of sth,https://www.oxfordlearnersdictionaries.com/definition/english/means#means_sng_4
150,by no means,https://www.oxfordlearnersdictionaries.com/definition/english/means#means_sng_5
151,by now,https://www.oxfordlearnersdictionaries.com/definition/english/now_1#now_sng_1
152,by the end of sth,https://www.oxfordlearnersdictionaries.com/definition/english/end_1#end_sng_1
153,by the time (that)…,https://www.oxfordlearnersdictionaries.com/definition/english/time_1#time_sng_4
154,call for sth,https://www.oxfordlearnersdictionaries.com/definition/english/call_2#call_sng_51
155,call on sb,https://www.oxfordlearnersdictionaries.com/definition/english/call_1#call_sng_10
156,can't afford sth,https://www.oxfordlearnersdictionaries.com/definition/english/afford
157,car park,https://www.oxfordlearnersdictionaries.com/definition/english/car-park
158,care about sth,https://www.oxfordlearnersdictionaries.com/definition/english/care_2#care_sng_12
159,care for sb,https://www.oxfordlearnersdictionaries.com/definition/english/care-for#care_sng_25
160,carry on,https://www.oxfordlearnersdictionaries.com/definition/english/carry-on_1
161,carry sth out,https://www.oxfordlearnersdictionaries.com/definition/english/carry-out_1#carry_sng_56
162,case study,https://www.oxfordlearnersdictionaries.com/definition/english/case-study
163,caused by sth,https://www.oxfordlearnersdictionaries.com/definition/english/cause_2#cause_sng_6
164,cell phone,https://www.oxfordlearnersdictionaries.com/definition/english/cell-phone
165,check in,https://www.oxfordlearnersdictionaries.com/definition/english/check-in_1
166,check out,https://www.oxfordlearnersdictionaries.com/definition/english/check-out
167,check sb/sth out,https://www.oxfordlearnersdictionaries.com/definition/english/check-out#check_sng_41
168,choose to do sth,https://www.oxfordlearnersdictionaries.com/definition/english/choose#choose_sng_1
169,city centre,https://www.oxfordlearnersdictionaries.com/definition/english/city#city_sng_1
170,clean up,https://www.oxfordlearnersdictionaries.com/definition/english/clean-up_1
171,click on sth,https://www.oxfordlearnersdictionaries.com/definition/english/click_2#click_sng_8
172,climate change,https://www.oxfordlearnersdictionaries.com/definition/english/climate-change
173,close to sb/sth,https://www.oxfordlearnersdictionaries.com/definition/english/close2_1#close2_sng_1
174,come across sb/sth,https://www.oxfordlearnersdictionaries.com/definition/english/come-across#come_sng_167
175,come back,https://www.oxfordlearnersdictionaries.com/definition/english/come-back
176,come from…,https://www.oxfordlearnersdictionaries.com/definition/english/come-from#come_sng_209
177,come into sth,https://www.oxfordlearnersdictionaries.com/definition/english/come-into#come_sng_224
178,come on!,https://www.oxfordlearnersdictionaries.com/definition/english/come-on_1#come_sng_235
179,come true,https://www.oxfordlearnersdictionaries.com/definition/english/true_1#true_sng_8
180,come up with sth,https://www.oxfordlearnersdictionaries.com/definition/english/come-up-with#come_sng_303
181,compared with sth,https://www.oxfordlearnersdictionaries.com/definition/english/compare_1#compare_sng_2
182,concentrate on sth,https://www.oxfordlearnersdictionaries.com/definition/english/concentrate_1#concentrate_sng_1
183,concerned about sth,https://www.oxfordlearnersdictionaries.com/definition/english/concerned#concerned_sng_1
184,concerned with sth,https://www.oxfordlearnersdictionaries.com/definition/english/concerned#concerned_sng_2
185,confidence in sb/sth,https://www.oxfordlearnersdictionaries.com/definition/english/confidence#confidence_sng_1
186,connected to sth,https://www.oxfordlearnersdictionaries.com/definition/english/connected#connected_sng_1
187,connected with sb/sth,https://www.oxfordlearnersdictionaries.com/definition/english/connected#connected_sng_1
188,consist of sb/sth,https://www.oxfordlearnersdictionaries.com/definition/english/consist-of#consist_sng_5
189,consistent with sth,https://www.oxfordlearnersdictionaries.com/definition/english/consistent#consistent_sng_3
190,contribute to sth,https://www.oxfordlearnersdictionaries.com/definition/english/contribute#contribute_sng_2
191,control over sb/sth,https://www.oxfordlearnersdictionaries.com/definition/english/control_1#control_sng_1
192,cope with sth,https://www.oxfordlearnersdictionaries.com/definition/english/cope_1#cope_sng_1
193,credit card,https://www.oxfordlearnersdictionaries.com/definition/english/credit-card
194,deal with sb,https://www.oxfordlearnersdictionaries.com/definition/english/deal-with#deal_sng_28
195,deal with sth,https://www.oxfordlearnersdictionaries.com/definition/english/deal-with#deal_sng_30
196,decide on sth,https://www.oxfordlearnersdictionaries.com/definition/english/decide#decide_sng_2
197,decline in sth,https://www.oxfordlearnersdictionaries.com/definition/english/decline_2#decline_sng_1
198,dedicated to sth,https://www.oxfordlearnersdictionaries.com/definition/english/dedicated#dedicated_sng_1
199,depend on sb/sth,https://www.oxfordlearnersdictionaries.com/definition/english/depend-on#depend_sng_7
200,depend on sth,https://www.oxfordlearnersdictionaries.com/definition/english/depend-on#depend_sng_10
201,dependent on sb/sth,https://www.oxfordlearnersdictionaries.com/definition/english/dependent_1#dependent_sng_1
202,depending on,https://www.oxfordlearnersdictionaries.com/definition/english/depend#depend_sng_1
203,deprive sb/sth of sth,https://www.oxfordlearnersdictionaries.com/definition/english/deprive-of#deprive_sng_2
204,despite the fact that…,https://www.oxfordlearnersdictionaries.com/definition/english/fact#fact_sng_1
205,developing countries,https://www.oxfordlearnersdictionaries.com/definition/english/developing#developing_sng_1
206,differences between a and b,https://www.oxfordlearnersdictionaries.com/definition/english/difference#difference_sng_1
207,difficult for sb,https://www.oxfordlearnersdictionaries.com/definition/english/difficult#difficult_sng_1
208,dispose of sb/sth,https://www.oxfordlearnersdictionaries.com/definition/english/dispose-of#dispose_sng_6
209,do well,https://www.oxfordlearnersdictionaries.com/definition/english/well_1#well_sng_13
210,draw attention to sb/sth,https://www.oxfordlearnersdictionaries.com/definition/english/draw_1#draw_sng_52
211,due to sb/sth,https://www.oxfordlearnersdictionaries.com/definition/english/due_1#due_sng_1
212,each one,https://www.oxfordlearnersdictionaries.com/definition/english/each#each_sng_1
213,each other,https://www.oxfordlearnersdictionaries.com/definition/english/each-other
214,economic growth,https://www.oxfordlearnersdictionaries.com/definition/english/economic#economic_sng_1
215,end in sth,https://www.oxfordlearnersdictionaries.com/definition/english/end-in#end_sng_51
216,end up,https://www.oxfordlearnersdictionaries.com/definition/english/end-up
217,end with sth,https://www.oxfordlearnersdictionaries.com/definition/english/end_2#end_sng_32
218,engage in sth,https://www.oxfordlearnersdictionaries.com/definition/english/engage-in#engage_sng_7
219,engaged in sth,https://www.oxfordlearnersdictionaries.com/definition/english/engaged#engaged_sng_1
220,even if,https://www.oxfordlearnersdictionaries.com/definition/english/even_1#even_sng_5
221,even more…,https://www.oxfordlearnersdictionaries.com/definition/english/even_1#even_sng_2
222,even though,https://www.oxfordlearnersdictionaries.com/definition/english/even_1#even_sng_27
223,ever since,https://www.oxfordlearnersdictionaries.com/definition/english/since_2#since_sng_3
224,every day,https://www.oxfordlearnersdictionaries.com/definition/english/every#every_sng_1
225,everyone else,https://www.oxfordlearnersdictionaries.com/definition/english/everyone#everyone_sng_1
226,exactly the same,https://www.oxfordlearnersdictionaries.com/definition/english/exactly#exactly_sng_1
227,except for,https://www.oxfordlearnersdictionaries.com/definition/english/except_1#except_sng_1
228,excuse me,https://www.oxfordlearnersdictionaries.com/definition/english/excuse_2#excuse_sng_9
229,experience in sth,https://www.oxfordlearnersdictionaries.com/definition/english/experience_1#experience_sng_1
230,exposure to sth,https://www.oxfordlearnersdictionaries.com/definition/english/exposure#exposure_sng_8
231,fail to do sth,https://www.oxfordlearnersdictionaries.com/definition/english/fail_1#fail_sng_2
232,fall asleep,https://www.oxfordlearnersdictionaries.com/definition/english/asleep#asleep_sng_1
233,fall in love,https://www.oxfordlearnersdictionaries.com/definition/english/fall_1#fall_sng_8
234,fall off,https://www.oxfordlearnersdictionaries.com/definition/english/fall-off_1
235,family member,https://www.oxfordlearnersdictionaries.com/definition/english/member#member_sng_1
236,far away,https://www.oxfordlearnersdictionaries.com/definition/english/far_1#far_sng_1
237,far from sth,https://www.oxfordlearnersdictionaries.com/definition/english/far_1#far_sng_17
238,far more,https://www.oxfordlearnersdictionaries.com/definition/english/far_1#far_sng_4
239,far too,https://www.oxfordlearnersdictionaries.com/definition/english/far_1#far_sng_4
240,fed up,https://www.oxfordlearnersdictionaries.com/definition/english/fed-up
241,feel good,https://www.oxfordlearnersdictionaries.com/definition/english/feel_1#feel_sng_13
242,feel like sth,https://www.oxfordlearnersdictionaries.com/definition/english/feel_1#feel_sng_1
243,figure sb/sth out,https://www.oxfordlearnersdictionaries.com/definition/english/figure-out#figure_sng_26
244,fill sth in,https://www.oxfordlearnersdictionaries.com/definition/english/fill_1#fill_sng_9
245,find it difficult to do sth,https://www.oxfordlearnersdictionaries.com/definition/english/difficult#difficult_sng_1
246,find out,https://www.oxfordlearnersdictionaries.com/definition/english/find-out
247,find yourself doing sth,https://www.oxfordlearnersdictionaries.com/definition/english/find_1#find_sng_7
248,first of all,https://www.oxfordlearnersdictionaries.com/definition/english/first_2#first_sng_13
249,focus on sb/sth,https://www.oxfordlearnersdictionaries.com/definition/english/focus_1#focus_sng_2
250,follow sth up,https://www.oxfordlearnersdictionaries.com/definition/english/follow#follow_sng_3
251,followed by sb/sth,https://www.oxfordlearnersdictionaries.com/definition/english/follow
252,for a long time,https://www.oxfordlearnersdictionaries.com/definition/english/long_1#long_sng_3
253,for a moment,https://www.oxfordlearnersdictionaries.com/definition/english/moment#moment_sng_1
254,for a while,https://www.oxfordlearnersdictionaries.com/definition/english/while_2#while_sng_7
255,for example,https://www.oxfordlearnersdictionaries.com/definition/english/example#example_sng_5
256,for free,https://www.oxfordlearnersdictionaries.com/definition/english/free_1#free_sng_5
257,for instance,https://www.oxfordlearnersdictionaries.com/definition/english/instance_1#instance_sng_2
258,for life,https://www.oxfordlearnersdictionaries.com/definition/english/life_1#life_sng_4
259,for long,https://www.oxfordlearnersdictionaries.com/definition/english/long_2#long_sng_35
260,for lunch,https://www.oxfordlearnersdictionaries.com/definition/english/lunch_1#lunch_sng_1
261,for many years,https://www.oxfordlearnersdictionaries.com/definition/english/year#year_sng_2
262,for some time,https://www.oxfordlearnersdictionaries.com/definition/english/time_1#time_sng_5
263,for that matter,https://www.oxfordlearnersdictionaries.com/definition/english/matter_1#matter_sng_23
264,for the benefit of sb,https://www.oxfordlearnersdictionaries.com/definition/english/benefit_1#benefit_sng_6
265,for the first time,https://www.oxfordlearnersdictionaries.com/definition/english/time_1#time_sng_8
266,for the rest of sth,https://www.oxfordlearnersdictionaries.com/definition/english/rest_1#rest_sng_1
267,for the sake of sb/sth,https://www.oxfordlearnersdictionaries.com/definition/english/sake1#sake1_sng_4
268,for this reason,https://www.oxfordlearnersdictionaries.com/definition/english/reason_1#reason_sng_1
269,get away with sth,https://www.oxfordlearnersdictionaries.com/definition/english/get-away-with
270,get back,https://www.oxfordlearnersdictionaries.com/definition/english/get-back
271,get better,https://www.oxfordlearnersdictionaries.com/definition/english/better_1#better_sng_4
272,get home,https://www.oxfordlearnersdictionaries.com/definition/english/home_2#home_sng_24
273,get in,https://www.oxfordlearnersdictionaries.com/definition/english/get-in
274,get lost,https://www.oxfordlearnersdictionaries.com/definition/english/lost_1#lost_sng_11
275,get married,https://www.oxfordlearnersdictionaries.com/definition/english/marry#marry_sng_1
276,get off,https://www.oxfordlearnersdictionaries.com/definition/english/get-off
277,get on,https://www.oxfordlearnersdictionaries.com/definition/english/get-on
278,get on with sb,https://www.oxfordlearnersdictionaries.com/definition/english/get-on-with#get_sng_225
279,get out,https://www.oxfordlearnersdictionaries.com/definition/english/get-out_1
280,get over sb/sth,https://www.oxfordlearnersdictionaries.com/definition/english/get-over#get_sng_236
281,get ready,https://www.oxfordlearnersdictionaries.com/definition/english/get#get_sng_11
282,get rid of sb/sth,https://www.oxfordlearnersdictionaries.com/definition/english/rid#rid_sng_2
283,get there,https://www.oxfordlearnersdictionaries.com/definition/english/get#get_sng_39
284,get to know sb,https://www.oxfordlearnersdictionaries.com/definition/english/know_1#know_sng_4
285,get to…,https://www.oxfordlearnersdictionaries.com/definition/english/get-to
286,get up,https://www.oxfordlearnersdictionaries.com/definition/english/get-up_1
287,get used to sth,https://www.oxfordlearnersdictionaries.com/definition/english/get#get_sng_11
288,give sth up,https://www.oxfordlearnersdictionaries.com/definition/english/give-up#give_sng_85
289,give up,https://www.oxfordlearnersdictionaries.com/definition/english/give-up
290,given that…,https://www.oxfordlearnersdictionaries.com/definition/english/given-that
291,global warming,https://www.oxfordlearnersdictionaries.com/definition/english/global-warming
292,go ahead,https://www.oxfordlearnersdictionaries.com/definition/english/go-ahead_2
293,go and…,https://www.oxfordlearnersdictionaries.com/definition/english/go_1#go_sng_45
294,go away,https://www.oxfordlearnersdictionaries.com/definition/english/go-away
295,go back,https://www.oxfordlearnersdictionaries.com/definition/english/go-back
296,go down,https://www.oxfordlearnersdictionaries.com/definition/english/go-down
297,go down sth,https://www.oxfordlearnersdictionaries.com/definition/english/go-down#go_sng_252
298,go for sth,https://www.oxfordlearnersdictionaries.com/definition/english/go_1#go_sng_9
299,go home,https://www.oxfordlearnersdictionaries.com/definition/english/home_1#home_sng_1
300,go into sth,https://www.oxfordlearnersdictionaries.com/definition/english/go_1#go_sng_14
301,go off,https://www.oxfordlearnersdictionaries.com/definition/english/go-off
302,go on to do sth,https://www.oxfordlearnersdictionaries.com/definition/english/go-on-to-do
303,go out,https://www.oxfordlearnersdictionaries.com/definition/english/go-out
304,go through sth,https://www.oxfordlearnersdictionaries.com/definition/english/go-through
305,go to bed,https://www.oxfordlearnersdictionaries.com/definition/english/bed_1
306,go to school,https://www.oxfordlearnersdictionaries.com/definition/english/school_1#school_sng_2
307,go to work,https://www.oxfordlearnersdictionaries.com/definition/english/work_2#work_sng_43
308,go up,https://www.oxfordlearnersdictionaries.com/definition/english/go-up
309,go wrong,https://www.oxfordlearnersdictionaries.com/definition/english/wrong_2#wrong_sng_15
310,good at sth,https://www.oxfordlearnersdictionaries.com/definition/english/good_1#good_sng_5
311,good for sb/sth,https://www.oxfordlearnersdictionaries.com/definition/english/good_1#good_sng_12
312,good luck,https://www.oxfordlearnersdictionaries.com/definition/english/luck_1#luck_sng_2
313,good morning,https://www.oxfordlearnersdictionaries.com/definition/english/good-morning
314,good news,https://www.oxfordlearnersdictionaries.com/definition/english/news#news_sng_1
315,good thing,https://www.oxfordlearnersdictionaries.com/definition/english/good_1#good_sng_2
316,grow up,https://www.oxfordlearnersdictionaries.com/definition/english/grow-up
317,growth in sth,https://www.oxfordlearnersdictionaries.com/definition/english/growth#growth_sng_2
318,guess what…,https://www.oxfordlearnersdictionaries.com/definition/english/guess_1#guess_sng_4
319,had better,https://www.oxfordlearnersdictionaries.com/definition/english/better_2#better_sng_15
320,half an hour,https://www.oxfordlearnersdictionaries.com/definition/english/hour#hour_sng_1
321,hang on,https://www.oxfordlearnersdictionaries.com/definition/english/hang-on
322,happen to sb/sth,https://www.oxfordlearnersdictionaries.com/definition/english/happen-to#happen_sng_15
323,happy with sb/sth,https://www.oxfordlearnersdictionaries.com/definition/english/happy#happy_sng_4
324,hard work,https://www.oxfordlearnersdictionaries.com/definition/english/work_2#work_sng_44
325,have a look,https://www.oxfordlearnersdictionaries.com/definition/english/look_2#look_sng_55
326,have fun,https://www.oxfordlearnersdictionaries.com/definition/english/fun_1#fun_sng_1
327,have got,https://www.oxfordlearnersdictionaries.com/definition/english/have_1#have_sng_32
328,have got to,https://www.oxfordlearnersdictionaries.com/definition/english/have-to#haveto_sng_3
329,have no idea,https://www.oxfordlearnersdictionaries.com/definition/english/idea#idea_sng_7
330,have nothing to do with sb/sth,https://www.oxfordlearnersdictionaries.com/definition/english/nothing#nothing_sng_4
331,have sb/sth in mind,https://www.oxfordlearnersdictionaries.com/definition/english/mind_1#mind_sng_18
332,have sth in common,https://www.oxfordlearnersdictionaries.com/definition/english/common_2#common_sng_10
333,have time,https://www.oxfordlearnersdictionaries.com/definition/english/time_1#time_sng_5
334,have you ever…?,https://www.oxfordlearnersdictionaries.com/definition/english/ever#ever_sng_1
335,he or she,https://www.oxfordlearnersdictionaries.com/definition/english/he_2#he_sng_6
336,health problems,https://www.oxfordlearnersdictionaries.com/definition/english/health#health_sng_1
337,hear about sb/sth,https://www.oxfordlearnersdictionaries.com/definition/english/hear#hear_sng_3
338,hear of sb/sth,https://www.oxfordlearnersdictionaries.com/definition/english/hear-of#hear_sng_21
339,heart disease,https://www.oxfordlearnersdictionaries.com/definition/english/heart_1#heart_sng_1
340,high school,https://www.oxfordlearnersdictionaries.com/definition/english/high-school
341,high street,https://www.oxfordlearnersdictionaries.com/definition/english/high-street
342,higher education,https://www.oxfordlearnersdictionaries.com/definition/english/higher-education
343,his or her,https://www.oxfordlearnersdictionaries.com/definition/english/him
344,how about…?,https://www.oxfordlearnersdictionaries.com/definition/english/how#how_sng_7
345,how are you?,https://www.oxfordlearnersdictionaries.com/definition/english/how#how_sng_2
346,how long…?,https://www.oxfordlearnersdictionaries.com/definition/english/long_1
347,how many…?,https://www.oxfordlearnersdictionaries.com/definition/english/how#how_sng_4
348,how much…?,https://www.oxfordlearnersdictionaries.com/definition/english/much_1#much_sng_1
349,how often…?,https://www.oxfordlearnersdictionaries.com/definition/english/often#often_sng_1
350,human being,https://www.oxfordlearnersdictionaries.com/definition/english/human_2#human_sng_6
351,human rights,https://www.oxfordlearnersdictionaries.com/definition/english/human-right
352,i don't care,https://www.oxfordlearnersdictionaries.com/definition/english/care_2#care_sng_12
353,i guess,https://www.oxfordlearnersdictionaries.com/definition/english/guess_1#guess_sng_3
354,i have to say…,https://www.oxfordlearnersdictionaries.com/definition/english/say_1#say_sng_1
355,i mean,https://www.oxfordlearnersdictionaries.com/definition/english/mean_1#mean_sng_8
356,i think so,https://www.oxfordlearnersdictionaries.com/definition/english/think_1#think_sng_1
357,i wonder if…,https://www.oxfordlearnersdictionaries.com/definition/english/wonder_1#wonder_sng_2
358,i would say…,https://www.oxfordlearnersdictionaries.com/definition/english/say_1#say_sng_3
359,i'm afraid…,https://www.oxfordlearnersdictionaries.com/definition/english/afraid#afraid_sng_4
360,i'm sorry,https://www.oxfordlearnersdictionaries.com/definition/english/sorry_1#sorry_sng_7
361,if i were you,https://www.oxfordlearnersdictionaries.com/definition/english/if_1#if_sng_12
362,if necessary,https://www.oxfordlearnersdictionaries.com/definition/english/necessary#necessary_sng_1
363,if only…,https://www.oxfordlearnersdictionaries.com/definition/english/if_1#if_sng_16
364,if you want to,https://www.oxfordlearnersdictionaries.com/definition/english/want_1#want_sng_1
365,important for sb/sth,https://www.oxfordlearnersdictionaries.com/definition/english/important#important_sng_1
366,in a position to do sth,https://www.oxfordlearnersdictionaries.com/definition/english/position_1#position_sng_4
367,in a way that…,https://www.oxfordlearnersdictionaries.com/definition/english/way_1#way_sng_1
368,in accordance with sth,https://www.oxfordlearnersdictionaries.com/definition/english/accordance#accordance_sng_1
369,in action,https://www.oxfordlearnersdictionaries.com/definition/english/action_1#action_sng_11
370,in addition,https://www.oxfordlearnersdictionaries.com/definition/english/addition#addition_sng_5
371,in advance,https://www.oxfordlearnersdictionaries.com/definition/english/advance_1#advance_sng_6
372,in an attempt to do sth,https://www.oxfordlearnersdictionaries.com/definition/english/attempt_1#attempt_sng_1
373,in any case,https://www.oxfordlearnersdictionaries.com/definition/english/case_1#case_sng_17
374,in april,https://www.oxfordlearnersdictionaries.com/definition/english/april#april_sng_1
375,in bed,https://www.oxfordlearnersdictionaries.com/definition/english/bed_1#bed_sng_10
376,in business,https://www.oxfordlearnersdictionaries.com/definition/english/business#business_sng_1
377,in case…,https://www.oxfordlearnersdictionaries.com/definition/english/case_1
378,in charge of sb/sth,https://www.oxfordlearnersdictionaries.com/definition/english/charge_1#charge_sng_5
379,in class,https://www.oxfordlearnersdictionaries.com/definition/english/class_1#class_sng_2
380,in conjunction with sb/sth,https://www.oxfordlearnersdictionaries.com/definition/english/conjunction#conjunction_sng_4
381,in connection with sb/sth,https://www.oxfordlearnersdictionaries.com/definition/english/connection#connection_sng_8
382,in contrast,https://www.oxfordlearnersdictionaries.com/definition/english/contrast_1#contrast_sng_1
383,in danger,https://www.oxfordlearnersdictionaries.com/definition/english/danger#danger_sng_1
384,in effect,https://www.oxfordlearnersdictionaries.com/definition/english/effect_1#effect_sng_6
385,in fact,https://www.oxfordlearnersdictionaries.com/definition/english/fact#fact_sng_10
386,in favour of sb/sth,https://www.oxfordlearnersdictionaries.com/definition/english/favour_1#favour_sng_8
387,in front of,https://www.oxfordlearnersdictionaries.com/definition/english/front_1#front_sng_16
388,in full,https://www.oxfordlearnersdictionaries.com/definition/english/full_1#full_sng_15
389,in general,https://www.oxfordlearnersdictionaries.com/definition/english/general_1#general_sng_8
390,in history,https://www.oxfordlearnersdictionaries.com/definition/english/history#history_sng_1
391,in hospital,https://www.oxfordlearnersdictionaries.com/definition/english/hospital
392,in line with sth,https://www.oxfordlearnersdictionaries.com/definition/english/line_1#line_sng_43
393,in love,https://www.oxfordlearnersdictionaries.com/definition/english/love_1#love_sng_2
394,in my opinion,https://www.oxfordlearnersdictionaries.com/definition/english/opinion#opinion_sng_1
395,in order of sth,https://www.oxfordlearnersdictionaries.com/definition/english/order_1#order_sng_1
396,in order to do sth,https://www.oxfordlearnersdictionaries.com/definition/english/order_1#order_sng_22
397,in other words,https://www.oxfordlearnersdictionaries.com/definition/english/word_1#word_sng_11
398,in part,https://www.oxfordlearnersdictionaries.com/definition/english/part_1#part_sng_20
399,in particular,https://www.oxfordlearnersdictionaries.com/definition/english/particular_1#particular_sng_4
400,in place,https://www.oxfordlearnersdictionaries.com/definition/english/place_1#place_sng_27
401,in practice,https://www.oxfordlearnersdictionaries.com/definition/english/practice_1#practice_sng_6
402,in prison,https://www.oxfordlearnersdictionaries.com/definition/english/prison#prison_sng_1
403,in public,https://www.oxfordlearnersdictionaries.com/definition/english/public_2#public_sng_13
404,in recent years,https://www.oxfordlearnersdictionaries.com/definition/english/recent#recent_sng_1
405,in relation to sb/sth,https://www.oxfordlearnersdictionaries.com/definition/english/relation#relation_sng_2
406,in respect of sth,https://www.oxfordlearnersdictionaries.com/definition/english/respect_1#respect_sng_4
407,in response to sth,https://www.oxfordlearnersdictionaries.com/definition/english/response#response_sng_1
408,in school,https://www.oxfordlearnersdictionaries.com/definition/english/school_1#school_sng_2
409,in some cases,https://www.oxfordlearnersdictionaries.com/definition/english/case_1#case_sng_1
410,in space,https://www.oxfordlearnersdictionaries.com/definition/english/space_1#space_sng_6
411,in spite of sth,https://www.oxfordlearnersdictionaries.com/definition/english/spite_1#spite_sng_2
412,in such a way (that)…,https://www.oxfordlearnersdictionaries.com/definition/english/such#such_sng_2
413,in summer,https://www.oxfordlearnersdictionaries.com/definition/english/summer_1#summer_sng_1
414,in terms of sth,https://www.oxfordlearnersdictionaries.com/definition/english/terms#terms_sng_11
415,in the absence of sb/sth,https://www.oxfordlearnersdictionaries.com/definition/english/absence#absence_sng_2
416,in the air,https://www.oxfordlearnersdictionaries.com/definition/english/air_1#air_sng_9
417,in the case of sth,https://www.oxfordlearnersdictionaries.com/definition/english/case_1#case_sng_1
418,in the centre,https://www.oxfordlearnersdictionaries.com/definition/english/centre_1#centre_sng_2
419,in the country,https://www.oxfordlearnersdictionaries.com/definition/english/country#country_sng_4
420,in the course of…,https://www.oxfordlearnersdictionaries.com/definition/english/course_1#course_sng_14
421,in the end,https://www.oxfordlearnersdictionaries.com/definition/english/end_1#end_sng_22
422,in the event of sth,https://www.oxfordlearnersdictionaries.com/definition/english/event#event_sng_7
423,in the face of sth,https://www.oxfordlearnersdictionaries.com/definition/english/face_1#face_sng_18
424,in the first place,https://www.oxfordlearnersdictionaries.com/definition/english/place_1#place_sng_23
425,in the form of sb/sth,https://www.oxfordlearnersdictionaries.com/definition/english/form_1#form_sng_2
426,in the future,https://www.oxfordlearnersdictionaries.com/definition/english/future_1#future_sng_1
427,in the hands of sb,https://www.oxfordlearnersdictionaries.com/definition/english/hand_1#hand_sng_41
428,in the light of sth,https://www.oxfordlearnersdictionaries.com/definition/english/light_1#light_sng_15
429,in the meantime,https://www.oxfordlearnersdictionaries.com/definition/english/meantime_1#meantime_sng_2
430,in the middle,https://www.oxfordlearnersdictionaries.com/definition/english/middle_1#middle_sng_1
431,in the midst of sth,https://www.oxfordlearnersdictionaries.com/definition/english/midst#midst_sng_1
432,in the morning,https://www.oxfordlearnersdictionaries.com/definition/english/morning_1#morning_sng_5
433,in the near future,https://www.oxfordlearnersdictionaries.com/definition/english/future_1#future_sng_1
434,in the north,https://www.oxfordlearnersdictionaries.com/definition/english/north_1#north_sng_2
435,in the past,https://www.oxfordlearnersdictionaries.com/definition/english/past_2#past_sng_5
436,in the presence of sb,https://www.oxfordlearnersdictionaries.com/definition/english/presence#presence_sng_6
437,in the same way,https://www.oxfordlearnersdictionaries.com/definition/english/way_1#way_sng_1
438,in the street,https://www.oxfordlearnersdictionaries.com/definition/english/street_1#street_sng_1
439,in the summer,https://www.oxfordlearnersdictionaries.com/definition/english/summer_1#summer_sng_1
440,in the wake of sb/sth,https://www.oxfordlearnersdictionaries.com/definition/english/wake_2#wake_sng_9
441,in the way (that)…,https://www.oxfordlearnersdictionaries.com/definition/english/way_1#way_sng_1
442,in this case,https://www.oxfordlearnersdictionaries.com/definition/english/case_1#case_sng_3
443,in this way,https://www.oxfordlearnersdictionaries.com/definition/english/way_1#way_sng_1
444,in time,https://www.oxfordlearnersdictionaries.com/definition/english/time_1#time_sng_40
445,in touch,https://www.oxfordlearnersdictionaries.com/definition/english/touch_2#touch_sng_32
446,in town,https://www.oxfordlearnersdictionaries.com/definition/english/town#town_sng_4
447,in turn,https://www.oxfordlearnersdictionaries.com/definition/english/turn_2#turn_sng_89
448,instead of,https://www.oxfordlearnersdictionaries.com/definition/english/instead-of
449,investment in sth,https://www.oxfordlearnersdictionaries.com/definition/english/investment#investment_sng_1
450,involvement in sth,https://www.oxfordlearnersdictionaries.com/definition/english/involvement#involvement_sng_2
451,it depends,https://www.oxfordlearnersdictionaries.com/definition/english/depend#depend_sng_2
452,it is important to do sth,https://www.oxfordlearnersdictionaries.com/definition/english/important#important_sng_1
453,it takes …,https://www.oxfordlearnersdictionaries.com/definition/english/take_1#take_sng_29
454,kind of sb/sth,https://www.oxfordlearnersdictionaries.com/definition/english/kind_1#kind_sng_1
455,know how,https://www.oxfordlearnersdictionaries.com/definition/english/know_1#know_sng_9
456,last time,https://www.oxfordlearnersdictionaries.com/definition/english/last1_1#last1_sng_2
457,last year,https://www.oxfordlearnersdictionaries.com/definition/english/year#year_sng_1
458,lead to sth,https://www.oxfordlearnersdictionaries.com/definition/english/lead1_1#lead1_sng_2
459,learn how to do sth,https://www.oxfordlearnersdictionaries.com/definition/english/learn#learn_sng_1
460,leave sb/sth out,https://www.oxfordlearnersdictionaries.com/definition/english/leave-out#leave_sng_41
461,less than…,https://www.oxfordlearnersdictionaries.com/definition/english/less_3#less_sng_6
462,let alone,https://www.oxfordlearnersdictionaries.com/definition/english/alone#alone_sng_9
463,let me know,https://www.oxfordlearnersdictionaries.com/definition/english/know_1#know_sng_34
464,let me…,https://www.oxfordlearnersdictionaries.com/definition/english/let_1#let_sng_5
465,likely to do sth,https://www.oxfordlearnersdictionaries.com/definition/english/likely_1#likely_sng_1
466,listen to sb/sth,https://www.oxfordlearnersdictionaries.com/definition/english/listen_1#listen_sng_1
467,little more than…,https://www.oxfordlearnersdictionaries.com/definition/english/more_2#more_sng_4
468,live on sth,https://www.oxfordlearnersdictionaries.com/definition/english/live-on#live_sng_16
469,live with sb,
470,living room,https://www.oxfordlearnersdictionaries.com/definition/english/living-room
471,loads of sb/sth,https://www.oxfordlearnersdictionaries.com/definition/english/load_1#load_sng_1
472,look after sb/sth/yourself,https://www.oxfordlearnersdictionaries.com/definition/english/look-after#look_sng_64
473,look at sb/sth,https://www.oxfordlearnersdictionaries.com/definition/english/look_1#look_sng_1
474,look back at sth,https://www.oxfordlearnersdictionaries.com/definition/english/look-back#look_sng_76
475,look for sb/sth,https://www.oxfordlearnersdictionaries.com/definition/english/look_1#look_sng_2
476,look forward to sth,https://www.oxfordlearnersdictionaries.com/definition/english/look-forward-to#look_sng_80
477,look like sb/sth,https://www.oxfordlearnersdictionaries.com/definition/english/look_1#look_sng_4
478,look out,https://www.oxfordlearnersdictionaries.com/definition/english/look-out
479,look sth up,https://www.oxfordlearnersdictionaries.com/definition/english/look-up#look_sng_103
480,lots of…,https://www.oxfordlearnersdictionaries.com/definition/english/lot_2#lot_sng_2
481,make a difference,https://www.oxfordlearnersdictionaries.com/definition/english/difference#difference_sng_4
482,make a mistake,https://www.oxfordlearnersdictionaries.com/definition/english/mistake_1#mistake_sng_1
483,make money,https://www.oxfordlearnersdictionaries.com/definition/english/money#money_sng_11
484,make sense,https://www.oxfordlearnersdictionaries.com/definition/english/sense_1#sense_sng_8
485,make sth up,https://www.oxfordlearnersdictionaries.com/definition/english/make-up_1#make_sng_83
486,make sure,https://www.oxfordlearnersdictionaries.com/definition/english/sure_1#sure_sng_8
487,manage to do sth,https://www.oxfordlearnersdictionaries.com/definition/english/manage#manage_sng_1
488,may well,https://www.oxfordlearnersdictionaries.com/definition/english/may_1#may_sng_2
489,mean to do sth,https://www.oxfordlearnersdictionaries.com/definition/english/mean_1#mean_sng_3
490,mental health,https://www.oxfordlearnersdictionaries.com/definition/english/mental-health
491,millions of…,https://www.oxfordlearnersdictionaries.com/definition/english/million#million_sng_1
492,mobile phone,https://www.oxfordlearnersdictionaries.com/definition/english/mobile-phone
493,more and more,https://www.oxfordlearnersdictionaries.com/definition/english/more_2#more_sng_5
494,more or less,https://www.oxfordlearnersdictionaries.com/definition/english/less_3#more_sng_10
495,more than…,https://www.oxfordlearnersdictionaries.com/definition/english/more_1#more_sng_1
496,move on,https://www.oxfordlearnersdictionaries.com/definition/english/move-on
497,much better,https://www.oxfordlearnersdictionaries.com/definition/english/better_1#better_sng_1
498,next time,https://www.oxfordlearnersdictionaries.com/definition/english/time_1#time_sng_8
499,next year,https://www.oxfordlearnersdictionaries.com/definition/english/year#year_sng_1
500,no doubt,https://www.oxfordlearnersdictionaries.com/definition/english/doubt_1#doubt_sng_6
501,no longer,https://www.oxfordlearnersdictionaries.com/definition/english/long_2#long_sng_38
502,no matter…,https://www.oxfordlearnersdictionaries.com/definition/english/matter_1#matter_sng_16
503,no more than…,https://www.oxfordlearnersdictionaries.com/definition/english/more_1#more_sng_1
504,no problem,https://www.oxfordlearnersdictionaries.com/definition/english/problem_1#problem_sng_4
505,no way,https://www.oxfordlearnersdictionaries.com/definition/english/way_1#way_sng_63
506,not at all,https://www.oxfordlearnersdictionaries.com/definition/english/not#not_sng_7
507,not even,https://www.oxfordlearnersdictionaries.com/definition/english/even_1
508,not necessarily,https://www.oxfordlearnersdictionaries.com/definition/english/necessarily#necessarily_sng_2
509,not only,https://www.oxfordlearnersdictionaries.com/definition/english/only_1
510,not to mention,https://www.oxfordlearnersdictionaries.com/definition/english/mention_1#mention_sng_3
511,nothing but,https://www.oxfordlearnersdictionaries.com/definition/english/nothing#nothing_sng_10
512,nothing like,https://www.oxfordlearnersdictionaries.com/definition/english/nothing#nothing_sng_13
513,of course,https://www.oxfordlearnersdictionaries.com/definition/english/course_1#course_sng_17
514,oh dear,https://www.oxfordlearnersdictionaries.com/definition/english/dear_2#dear_sng_6
515,oh no!,https://www.oxfordlearnersdictionaries.com/definition/english/no_1#no_sng_2
516,oh well,https://www.oxfordlearnersdictionaries.com/definition/english/well_3
517,oh yes,https://www.oxfordlearnersdictionaries.com/definition/english/yes_1#yes_sng_8
518,old friend,https://www.oxfordlearnersdictionaries.com/definition/english/friend_1#friend_sng_1
519,on a regular basis,https://www.oxfordlearnersdictionaries.com/definition/english/regular_1#regular_sng_1
520,on behalf of sb,https://www.oxfordlearnersdictionaries.com/definition/english/behalf#behalf_sng_2
521,on board,https://www.oxfordlearnersdictionaries.com/definition/english/board_1#board_sng_12
522,on earth,https://www.oxfordlearnersdictionaries.com/definition/english/earth_1#earth_sng_11
523,on holiday,https://www.oxfordlearnersdictionaries.com/definition/english/holiday_1#holiday_sng_1
524,on monday,https://www.oxfordlearnersdictionaries.com/definition/english/monday#monday_sng_1
525,on my own,https://www.oxfordlearnersdictionaries.com/definition/english/own_1#own_sng_6
526,on television,https://www.oxfordlearnersdictionaries.com/definition/english/television#television_sng_4
527,on the basis of sth,https://www.oxfordlearnersdictionaries.com/definition/english/basis#basis_sng_1
528,on the beach,https://www.oxfordlearnersdictionaries.com/definition/english/beach_1#beach_sng_1
529,on the floor,https://www.oxfordlearnersdictionaries.com/definition/english/floor_1#floor_sng_1
530,on the ground,https://www.oxfordlearnersdictionaries.com/definition/english/ground_1#ground_sng_19
531,on the internet,https://www.oxfordlearnersdictionaries.com/definition/english/internet#internet_sng_1
532,on the left,https://www.oxfordlearnersdictionaries.com/definition/english/left_3#left_sng_5
533,on the one hand,https://www.oxfordlearnersdictionaries.com/definition/english/hand_1#hand_sng_51
534,on the other hand,https://www.oxfordlearnersdictionaries.com/definition/english/hand_1#hand_sng_51
535,on the other side,https://www.oxfordlearnersdictionaries.com/definition/english/side_1#side_sng_2
536,on the part of sb,https://www.oxfordlearnersdictionaries.com/definition/english/part_1#part_sng_23
537,on the phone,https://www.oxfordlearnersdictionaries.com/definition/english/phone_1#phone_sng_1
538,on the street,https://www.oxfordlearnersdictionaries.com/definition/english/street_1#street_sng_3
539,on the wall,https://www.oxfordlearnersdictionaries.com/definition/english/wall_1
540,on the way,https://www.oxfordlearnersdictionaries.com/definition/english/way_1#way_sng_65
541,on time,https://www.oxfordlearnersdictionaries.com/definition/english/time_1
542,on top of sth/sb,https://www.oxfordlearnersdictionaries.com/definition/english/top_1#top_sng_22
543,on tv,https://www.oxfordlearnersdictionaries.com/definition/english/television#television_sng_4
544,once a…,https://www.oxfordlearnersdictionaries.com/definition/english/once_1#once_sng_1
545,once again,https://www.oxfordlearnersdictionaries.com/definition/english/once_1#once_sng_10
546,one another,https://www.oxfordlearnersdictionaries.com/definition/english/one-another
547,one day,https://www.oxfordlearnersdictionaries.com/definition/english/day#day_sng_30
548,one or two,https://www.oxfordlearnersdictionaries.com/definition/english/one_1#one_sng_22
549,opposed to sth,https://www.oxfordlearnersdictionaries.com/definition/english/opposed#opposed_sng_2
550,or so,https://www.oxfordlearnersdictionaries.com/definition/english/or_1#or_sng_8
551,or something,https://www.oxfordlearnersdictionaries.com/definition/english/something_1#something_sng_1
552,or two,https://www.oxfordlearnersdictionaries.com/definition/english/two#two_sng_2
553,ordinary people,https://www.oxfordlearnersdictionaries.com/definition/english/ordinary#ordinary_sng_1
554,other than,https://www.oxfordlearnersdictionaries.com/definition/english/other#other_sng_6
555,ought to,https://www.oxfordlearnersdictionaries.com/definition/english/ought-to
556,out of sth,https://www.oxfordlearnersdictionaries.com/definition/english/out_1#out_sng_1
557,out there,https://www.oxfordlearnersdictionaries.com/definition/english/there_1#there_sng_3
558,over the course of…,https://www.oxfordlearnersdictionaries.com/definition/english/course_1#course_sng_14
559,over the years,https://www.oxfordlearnersdictionaries.com/definition/english/year#year_sng_6
560,over there,https://www.oxfordlearnersdictionaries.com/definition/english/there_1#there_sng_2
561,over time,https://www.oxfordlearnersdictionaries.com/definition/english/time_1#time_sng_1
562,participate in sth,https://www.oxfordlearnersdictionaries.com/definition/english/participate#participate_sng_1
563,pay attention,https://www.oxfordlearnersdictionaries.com/definition/english/attention_1#attention_sng_1
564,pay for sth,https://www.oxfordlearnersdictionaries.com/definition/english/pay_1#pay_sng_1
565,per hour,https://www.oxfordlearnersdictionaries.com/definition/english/per#per_sng_1
566,phone call,
567,phone number,
568,pick sb/sth up,https://www.oxfordlearnersdictionaries.com/definition/english/pick-up#pick_sng_91
569,plan for sth,https://www.oxfordlearnersdictionaries.com/definition/english/plan_1#plan_sng_1
570,play with sb/sth,https://www.oxfordlearnersdictionaries.com/definition/english/play_1#play_sng_1
571,point of view,https://www.oxfordlearnersdictionaries.com/definition/english/point-of-view
572,point out,https://www.oxfordlearnersdictionaries.com/definition/english/point-out
573,police officer,https://www.oxfordlearnersdictionaries.com/definition/english/police-officer
574,police station,https://www.oxfordlearnersdictionaries.com/definition/english/police-station
575,post office,https://www.oxfordlearnersdictionaries.com/definition/english/post-office
576,potential for sth,https://www.oxfordlearnersdictionaries.com/definition/english/potential_2#potential_sng_3
577,prepared to do sth,https://www.oxfordlearnersdictionaries.com/definition/english/prepared#prepared_sng_2
578,pretty good,https://www.oxfordlearnersdictionaries.com/definition/english/pretty_1#pretty_sng_1
579,pretty much,https://www.oxfordlearnersdictionaries.com/definition/english/pretty_1#pretty_sng_13
580,primary school,https://www.oxfordlearnersdictionaries.com/definition/english/primary-school
581,prime minister,https://www.oxfordlearnersdictionaries.com/definition/english/prime-minister
582,prior to,https://www.oxfordlearnersdictionaries.com/definition/english/prior_1#prior_sng_3
583,prove to be sth,https://www.oxfordlearnersdictionaries.com/definition/english/prove#prove_sng_2
584,public transport,https://www.oxfordlearnersdictionaries.com/definition/english/public-transport
585,put it,https://www.oxfordlearnersdictionaries.com/definition/english/put#put_sng_10
586,put sth forward,https://www.oxfordlearnersdictionaries.com/definition/english/forward_1
587,put sth on,https://www.oxfordlearnersdictionaries.com/definition/english/put-on_1#put_sng_193
588,put sth together,https://www.oxfordlearnersdictionaries.com/definition/english/put-together#put_sng_230
589,put sth up,https://www.oxfordlearnersdictionaries.com/definition/english/put-up#put_sng_236
590,quality of life,https://www.oxfordlearnersdictionaries.com/definition/english/quality-of-life
591,quite a lot,https://www.oxfordlearnersdictionaries.com/definition/english/quite#quite_sng_6
592,quite a…,https://www.oxfordlearnersdictionaries.com/definition/english/quite#quite_sng_1
593,raise money,https://www.oxfordlearnersdictionaries.com/definition/english/money#money_sng_1
594,ranging from,https://www.oxfordlearnersdictionaries.com/definition/english/range_2#range_sng_14
595,rather than,https://www.oxfordlearnersdictionaries.com/definition/english/rather_1#rather_sng_6
596,reaction to sth,https://www.oxfordlearnersdictionaries.com/definition/english/reaction#reaction_sng_1
597,really enjoy,https://www.oxfordlearnersdictionaries.com/definition/english/enjoy#enjoy_sng_1
598,really good,https://www.oxfordlearnersdictionaries.com/definition/english/really#really_sng_3
599,really like,https://www.oxfordlearnersdictionaries.com/definition/english/like_3#like_sng_12
600,reasons why,https://www.oxfordlearnersdictionaries.com/definition/english/reason_1
601,refer to sb/sth,https://www.oxfordlearnersdictionaries.com/definition/english/refer-to#refer_sng_7
602,regarded as sth,https://www.oxfordlearnersdictionaries.com/definition/english/regard_1#regard_sng_1
603,relate to sth/sb,https://www.oxfordlearnersdictionaries.com/definition/english/relate-to#relate_sng_6
604,related to sth/sb,https://www.oxfordlearnersdictionaries.com/definition/english/related#related_sng_1
605,relevant to sb/sth,https://www.oxfordlearnersdictionaries.com/definition/english/relevant#relevant_sng_3
606,rely on sb/sth,https://www.oxfordlearnersdictionaries.com/definition/english/rely-on#rely_sng_3
607,report on sth,https://www.oxfordlearnersdictionaries.com/definition/english/report_2#report_sng_1
608,respect for sb/sth,https://www.oxfordlearnersdictionaries.com/definition/english/respect_1#respect_sng_2
609,respond to sth/sb,https://www.oxfordlearnersdictionaries.com/definition/english/respond#respond_sng_1
610,result in sth,https://www.oxfordlearnersdictionaries.com/definition/english/result_2#result_sng_11
611,right now,https://www.oxfordlearnersdictionaries.com/definition/english/right_2#right_sng_26
612,rise in sth,https://www.oxfordlearnersdictionaries.com/definition/english/rise_2#rise_sng_1
613,role model,https://www.oxfordlearnersdictionaries.com/definition/english/role-model
614,run out,https://www.oxfordlearnersdictionaries.com/definition/english/run-out_1
615,run out of sth,https://www.oxfordlearnersdictionaries.com/definition/english/run-out_1#run_sng_167
616,save money,https://www.oxfordlearnersdictionaries.com/definition/english/save_1#save_sng_2
617,science fiction,https://www.oxfordlearnersdictionaries.com/definition/english/science-fiction
618,search engine,https://www.oxfordlearnersdictionaries.com/definition/english/search-engine
619,search for sth/sb,https://www.oxfordlearnersdictionaries.com/definition/english/search_2#search_sng_3
620,secondary school,https://www.oxfordlearnersdictionaries.com/definition/english/secondary-school
621,see you,https://www.oxfordlearnersdictionaries.com/definition/english/see_1
622,seek to do sth,https://www.oxfordlearnersdictionaries.com/definition/english/seek#seek_sng_4
623,set out,https://www.oxfordlearnersdictionaries.com/definition/english/set-out
624,set sth up,https://www.oxfordlearnersdictionaries.com/definition/english/set-up_1#set_sng_121
625,set to do sth,https://www.oxfordlearnersdictionaries.com/definition/english/set_3#set_sng_79
626,short of sth,https://www.oxfordlearnersdictionaries.com/definition/english/short_1#short_sng_5
627,sit down,https://www.oxfordlearnersdictionaries.com/definition/english/sit-down_1
628,slow down,https://www.oxfordlearnersdictionaries.com/definition/english/slow_2#slow_sng_12
629,so as to do sth,https://www.oxfordlearnersdictionaries.com/definition/english/so_1#so_sng_13
630,so far,https://www.oxfordlearnersdictionaries.com/definition/english/far_1#far_sng_27
631,so that…,https://www.oxfordlearnersdictionaries.com/definition/english/so_3#so_sng_22
632,solution to sth,https://www.oxfordlearnersdictionaries.com/definition/english/solution#solution_sng_1
633,some kind of…,https://www.oxfordlearnersdictionaries.com/definition/english/some_1#some_sng_5
634,someone else,https://www.oxfordlearnersdictionaries.com/definition/english/someone#someone_sng_1
635,something like…,https://www.oxfordlearnersdictionaries.com/definition/english/something_1#something_sng_3
636,sort of sth,https://www.oxfordlearnersdictionaries.com/definition/english/sort_1#sort_sng_1
637,sort sb/sth/yourself out,https://www.oxfordlearnersdictionaries.com/definition/english/sort-out_1#sort_sng_26
638,sound like sb/sth,https://www.oxfordlearnersdictionaries.com/definition/english/sound_2#sound_sng_9
639,speak to sb,https://www.oxfordlearnersdictionaries.com/definition/english/speak_1#speak_sng_1
640,spend time,https://www.oxfordlearnersdictionaries.com/definition/english/spend_1#spend_sng_2
641,stand up,https://www.oxfordlearnersdictionaries.com/definition/english/stand-up_2
642,start with sb/sth,https://www.oxfordlearnersdictionaries.com/definition/english/start_1
643,stay in,https://www.oxfordlearnersdictionaries.com/definition/english/stay-in
644,stick to sth,https://www.oxfordlearnersdictionaries.com/definition/english/stick-to#stick_sng_72
645,subject to sth,https://www.oxfordlearnersdictionaries.com/definition/english/subject_2#subject_sng_7
646,succeed in doing sth,https://www.oxfordlearnersdictionaries.com/definition/english/succeed#succeed_sng_1
647,such a/an…,https://www.oxfordlearnersdictionaries.com/definition/english/such#such_sng_3
648,such as,https://www.oxfordlearnersdictionaries.com/definition/english/such#such_sng_6
649,suffer from sth,https://www.oxfordlearnersdictionaries.com/definition/english/suffer#suffer_sng_1
650,sum up,https://www.oxfordlearnersdictionaries.com/definition/english/sum-up
651,sure to do sth,https://www.oxfordlearnersdictionaries.com/definition/english/sure_1#sure_sng_3
652,swimming pool,https://www.oxfordlearnersdictionaries.com/definition/english/swimming-pool
653,take advantage of sb/sth,https://www.oxfordlearnersdictionaries.com/definition/english/advantage_1#advantage_sng_5
654,take care of sb/sth/yourself,https://www.oxfordlearnersdictionaries.com/definition/english/care_1#care_sng_9
655,take off,https://www.oxfordlearnersdictionaries.com/definition/english/take-off_1
656,take over,https://www.oxfordlearnersdictionaries.com/definition/english/take-over
657,take part,https://www.oxfordlearnersdictionaries.com/definition/english/part_1#part_sng_27
658,take place,https://www.oxfordlearnersdictionaries.com/definition/english/place_1#place_sng_36
659,take sth into account,https://www.oxfordlearnersdictionaries.com/definition/english/account_1#account_sng_20
660,take sth off,https://www.oxfordlearnersdictionaries.com/definition/english/take-off_1
661,take sth up,https://www.oxfordlearnersdictionaries.com/definition/english/take-up_1
662,take sth/sb on,https://www.oxfordlearnersdictionaries.com/definition/english/take-on
663,take up sth,https://www.oxfordlearnersdictionaries.com/definition/english/take-up_1
664,talk about sb/sth,https://www.oxfordlearnersdictionaries.com/definition/english/talk_1#talk_sng_1
665,tell the truth,https://www.oxfordlearnersdictionaries.com/definition/english/truth#truth_sng_1
666,tend to do sth,https://www.oxfordlearnersdictionaries.com/definition/english/tend#tend_sng_1
667,thank you,https://www.oxfordlearnersdictionaries.com/definition/english/thank-you_2
668,thanks to sb/sth,https://www.oxfordlearnersdictionaries.com/definition/english/thanks_2#thanks_sng_8
669,that day,https://www.oxfordlearnersdictionaries.com/definition/english/day#day_sng_1
670,that is,https://www.oxfordlearnersdictionaries.com/definition/english/that_2#that_sng_8
671,that's it,https://www.oxfordlearnersdictionaries.com/definition/english/that_2#that_sng_9
672,the 20th century,https://www.oxfordlearnersdictionaries.com/definition/english/century#century_sng_2
673,the best thing,https://www.oxfordlearnersdictionaries.com/definition/english/thing#thing_sng_7
674,the case,https://www.oxfordlearnersdictionaries.com/definition/english/case_1#case_sng_2
675,the extent to which…,https://www.oxfordlearnersdictionaries.com/definition/english/extent#extent_sng_3
676,the fact that…,https://www.oxfordlearnersdictionaries.com/definition/english/fact#fact_sng_1
677,the first thing,https://www.oxfordlearnersdictionaries.com/definition/english/thing
678,the following…,https://www.oxfordlearnersdictionaries.com/definition/english/following_2#following_sng_5
679,the important thing,https://www.oxfordlearnersdictionaries.com/definition/english/important#important_sng_1
680,the next day,https://www.oxfordlearnersdictionaries.com/definition/english/day#day_sng_1
681,the other side of sth,https://www.oxfordlearnersdictionaries.com/definition/english/other#other_sng_4
682,the rest of sth,https://www.oxfordlearnersdictionaries.com/definition/english/rest_1#rest_sng_1
683,the vast majority of sth,https://www.oxfordlearnersdictionaries.com/definition/english/vast#vast_sng_1
684,there is,https://www.oxfordlearnersdictionaries.com/definition/english/there_1#there_sng_1
685,these days,https://www.oxfordlearnersdictionaries.com/definition/english/day#day_sng_36
686,they say…,https://www.oxfordlearnersdictionaries.com/definition/english/say_1
687,think about sb/sth,https://www.oxfordlearnersdictionaries.com/definition/english/think-about#think_sng_56
688,think of sb/sth,https://www.oxfordlearnersdictionaries.com/definition/english/think-of#think_sng_60
689,this is…,https://www.oxfordlearnersdictionaries.com/definition/english/this_1#this_sng_3
690,this kind of…,https://www.oxfordlearnersdictionaries.com/definition/english/kind_1#kind_sng_1
691,this morning,https://www.oxfordlearnersdictionaries.com/definition/english/morning_1#morning_sng_1
692,this time,https://www.oxfordlearnersdictionaries.com/definition/english/time_1
693,this year,https://www.oxfordlearnersdictionaries.com/definition/english/year#year_sng_1
694,those who…,https://www.oxfordlearnersdictionaries.com/definition/english/those
695,thousands of…,https://www.oxfordlearnersdictionaries.com/definition/english/thousand#thousand_sng_2
696,throw sth away,https://www.oxfordlearnersdictionaries.com/definition/english/throw-away#throw_sng_55
697,to date,https://www.oxfordlearnersdictionaries.com/definition/english/date_1#date_sng_7
698,to do with sb/sth,https://www.oxfordlearnersdictionaries.com/definition/english/do1_1#do1_sng_27
699,together with,https://www.oxfordlearnersdictionaries.com/definition/english/together_1#together_sng_7
700,too bad,https://www.oxfordlearnersdictionaries.com/definition/english/bad_1#bad_sng_18
701,too long,https://www.oxfordlearnersdictionaries.com/definition/english/long_2#long_sng_30
702,too much,https://www.oxfordlearnersdictionaries.com/definition/english/much_1#much_sng_10
703,town centre,https://www.oxfordlearnersdictionaries.com/definition/english/town-centre
704,try and…,https://www.oxfordlearnersdictionaries.com/definition/english/try_1#try_sng_1
705,turn into sth,https://www.oxfordlearnersdictionaries.com/definition/english/turn_1#turn_sng_4
706,turn out,https://www.oxfordlearnersdictionaries.com/definition/english/turn-out
707,turn sth off,https://www.oxfordlearnersdictionaries.com/definition/english/turn-off_1
708,turn sth on,https://www.oxfordlearnersdictionaries.com/definition/english/turn-on_1
709,turn sth up,https://www.oxfordlearnersdictionaries.com/definition/english/turn-up_1
710,tv show,https://www.oxfordlearnersdictionaries.com/definition/english/tv#tv_sng_1
711,unable to do sth,https://www.oxfordlearnersdictionaries.com/definition/english/unable#unable_sng_1
712,up against sth,https://www.oxfordlearnersdictionaries.com/definition/english/up_1#up_sng_15
713,up and down,https://www.oxfordlearnersdictionaries.com/definition/english/up_1#up_sng_16
714,up to sb,https://www.oxfordlearnersdictionaries.com/definition/english/up_1#up_sng_13
715,up to sth,https://www.oxfordlearnersdictionaries.com/definition/english/up_1#up_sng_26
716,wait for sb/sth,https://www.oxfordlearnersdictionaries.com/definition/english/wait_1#wait_sng_1
717,wake up,https://www.oxfordlearnersdictionaries.com/definition/english/wake-up
718,way of life,https://www.oxfordlearnersdictionaries.com/definition/english/life_1#way_sng_94
719,welcome to sth,https://www.oxfordlearnersdictionaries.com/definition/english/welcome_1#welcome_sng_12
720,well known,https://www.oxfordlearnersdictionaries.com/definition/english/well-known
721,what about…?,https://www.oxfordlearnersdictionaries.com/definition/english/what#what_sng_11
722,when it comes to sth,https://www.oxfordlearnersdictionaries.com/definition/english/come_1#come_sng_28
723,whether or not…,https://www.oxfordlearnersdictionaries.com/definition/english/whether#whether_sng_1
724,why not…?,https://www.oxfordlearnersdictionaries.com/definition/english/why_1#why_sng_5
725,with regard to sb/sth,https://www.oxfordlearnersdictionaries.com/definition/english/regard_2#regard_sng_9
726,with respect to sth,https://www.oxfordlearnersdictionaries.com/definition/english/respect_1#respect_sng_7
727,with the exception of sb/sth,https://www.oxfordlearnersdictionaries.com/definition/english/exception#exception_sng_6
728,work as sth,https://www.oxfordlearnersdictionaries.com/definition/english/work_1#work_sng_2
729,work for sb/sth,https://www.oxfordlearnersdictionaries.com/definition/english/work_1#work_sng_2
730,work hard,https://www.oxfordlearnersdictionaries.com/definition/english/work_1#work_sng_1
731,work on sth,https://www.oxfordlearnersdictionaries.com/definition/english/work_2#work_sng_44
732,work out,https://www.oxfordlearnersdictionaries.com/definition/english/work-out
733,work sth out,https://www.oxfordlearnersdictionaries.com/definition/english/work-out#work_sng_90
734,work together,https://www.oxfordlearnersdictionaries.com/definition/english/work_1#work_sng_4
735,work with sb,https://www.oxfordlearnersdictionaries.com/definition/english/work_1#work_sng_1
736,worried about sb/sth,https://www.oxfordlearnersdictionaries.com/definition/english/worried#worried_sng_1
737,would like,https://www.oxfordlearnersdictionaries.com/definition/english/like_3#like_sng_16
738,would love to do sth,https://www.oxfordlearnersdictionaries.com/definition/english/love_2#love_sng_17
739,would rather…,https://www.oxfordlearnersdictionaries.com/definition/english/rather_1#rather_sng_7
740,would you like…?,https://www.oxfordlearnersdictionaries.com/definition/english/like_3#like_sng_16
741,write sth down,https://www.oxfordlearnersdictionaries.com/definition/english/write-down_1#write_sng_31
742,wrong with sb/sth,https://www.oxfordlearnersdictionaries.com/definition/english/wrong_1#wrong_sng_3
743,x hours a day,https://www.oxfordlearnersdictionaries.com/definition/english/day#day_sng_1
744,x times a…,https://www.oxfordlearnersdictionaries.com/definition/english/time_1#time_sng_8
745,x years ago,https://www.oxfordlearnersdictionaries.com/definition/english/ago#ago_sng_1
746,x years later,https://www.oxfordlearnersdictionaries.com/definition/english/later_1#later_sng_1
747,x years old,https://www.oxfordlearnersdictionaries.com/definition/english/year#year_sng_5
748,you see,https://www.oxfordlearnersdictionaries.com/definition/english/see_1#see_sng_26
749,you're welcome,https://www.oxfordlearnersdictionaries.com/definition/english/welcome_1
